name,rank,model,chain_i,chain_j,iLIS,iLIA,iLISA,ipSAE,actifpTM,LIS,cLIS,LIA,cLIA,ipTM,pLDDT_i,pLDDT_j,pTM,LIR_i,LIR_j,cLIR_i,cLIR_j,LIpLDDT_i,LIpLDDT_j,cLIpLDDT_i,cLIpLDDT_j,len_i,len_j,LIR_indices_i,LIR_indices_j,cLIR_indices_i,cLIR_indices_j
run_001,1,2,A,B,0.4375,1378.8,603.1,0.5172,0.9378,0.3874,0.4939,38020.0,50.0,0.48,27.4,59.3,0.45,69,319,10,17,81.6,94.0,63.4,88.1,410,583,[251-319],[265-583],"[253-258,260,263,311,315]","[312-313,360,364,367,400-401,434,465-467,470-472,559-560,562]"
run_001,2,1,A,B,0.2731,1291.3,352.6,0.3217,0.8433,0.2313,0.3225,32064.0,52.0,0.42,27.9,57.9,0.45,68,318,12,19,77.6,92.4,55.6,86.0,410,583,[251-318],[266-583],"[251-252,254-258,260,263,296,311,315]","[312-313,358,360,364,400-401,434,464-467,470-472,559-562]"
run_001,3,3,A,B,0.0638,105.2,6.7,0.0132,0.4791,0.0603,0.0676,922.0,12.0,0.31,23.7,57.4,0.42,13,252,4,11,35.1,93.5,39.6,80.7,410,583,"[31-33,113,119-120,253-259]","[271,274-285,287-316,318-327,330-343,345-384,386-400,402-421,426,428,430-442,446,448-469,471-472,474,476-478,480-483,488,493-505,507-514,519-529,531-551,553-558,560,580]","[31-32,255,258]","[282,284,364,367,431-434,465-466,474]"
run_001,4,5,A,B,0.0581,43.0,2.5,0.0125,0.5144,0.0566,0.0596,205.0,9.0,0.3,24.8,57.8,0.41,2,145,2,7,39.2,95.4,39.2,85.8,410,583,[31-32],"[271,277-278,289-292,299-302,321-322,325-326,331-334,337,340-341,345,348-351,354,356,358-373,376,378-384,386-394,397-398,402-403,405-408,412,414,416,419-420,426,428,434,436,439-442,448-451,454,456,463-467,469-471,480,482,493-500,502-507,509-512,519-528,532-533,535-539,541-546,548,550,553-554,556]",[31-32],"[363-365,367,465-466,470]"
run_001,5,4,A,B,0.0,0.0,0.0,0.0,0.3333,0.0,0.0,0.0,0.0,0.25,23.2,57.1,0.41,0,0,0,0,,,,,410,583,,,,
run_002,1,5,A,B,0.2053,328.7,67.5,0.0232,0.8119,0.1578,0.267,2844.0,38.0,0.27,26.0,40.0,0.38,21,308,6,10,60.1,93.6,48.0,80.2,410,1168,"[106-116,298-307]","[628-636,642,644-648,650-654,660-667,669-680,686-709,717-800,802-935,946-971]","[108-110,112-114]","[854-855,857-858,861-862,883-885,887]"
run_002,2,2,A,B,0.0727,222.9,16.2,0.014,0.6441,0.069,0.0766,2366.0,21.0,0.26,26.3,40.5,0.38,23,277,6,8,61.3,94.9,43.2,82.6,410,1168,"[106-115,258,297-308]","[630-631,633-635,646-647,651-653,660-667,671-678,688-708,718-738,744-799,803-878,884-898,900-935,942,946-970]","[108-110,112-114]","[854-855,857-858,861,884-885,887]"
run_002,3,3,A,B,0.0931,175.5,16.3,0.0135,0.6653,0.0768,0.1128,1283.0,24.0,0.25,24.4,40.0,0.37,45,261,7,11,66.1,92.0,45.0,69.7,410,1168,"[107-114,262-273,276,278-280,282-288,290-291,294-298,300-305,307]","[339-343,630,634,652-653,661-665,672-677,689-708,718-726,728-737,744-781,783-799,802-879,884-889,891-897,900-935,950-963,965-970]","[108-110,112-113,271-272]","[341,343,854-855,857-858,861,866,884-885,887]"
run_002,4,4,A,B,0.0666,121.9,8.1,0.0132,0.6574,0.0548,0.081,929.0,16.0,0.24,23.8,39.0,0.37,12,254,5,9,45.7,92.9,35.7,76.4,410,1168,"[107-114,301-304]","[630-631,634,647,652-653,661-666,672-679,689-693,695-708,718-726,728-734,736-737,744-781,784-799,802-878,884-888,891-897,900-935,951-963,965-966,968-970]","[108-110,112-113]","[854-855,857-858,861-862,884-885,887]"
run_002,5,1,A,B,0.0155,6.6,0.1,0.0,0.5319,0.0127,0.0189,11.0,4.0,0.23,23.7,39.0,0.37,2,11,1,4,29.6,84.3,29.9,79.8,410,1168,[112-113],"[819-820,822,854-855,857-858,861,871-872,914]",[113],"[854,857-858,861]"
run_003,1,4,A,B,0.4819,1178.7,568.0,0.4786,0.9598,0.326,0.7125,28944.0,48.0,0.39,26.9,45.1,0.41,65,339,12,11,80.4,87.2,82.5,82.0,410,860,"[240,255-318]","[11,14-278,285-357]","[261,263,266-267,270-271,273-274,305,308-309,312]","[187,190-192,224-225,228-229,232-233,235]"
run_003,2,3,A,B,0.1291,229.8,29.7,0.0175,0.7547,0.1114,0.1495,1650.0,32.0,0.26,25.4,44.8,0.38,10,290,6,14,42.7,90.0,46.5,84.5,410,860,[237-246],"[19-111,114-163,165-171,173-177,181-191,194-219,225-236,238,241-273,296-297,300-349]","[238-241,243-244]","[61-62,64-65,68-69,72,85,87,92,327-328,330-331]"
run_003,3,5,A,B,0.0944,145.9,13.8,0.0177,0.6977,0.0863,0.1031,887.0,24.0,0.25,25.9,45.0,0.38,7,239,6,12,43.3,90.7,43.5,85.7,410,860,[238-244],"[19-28,32-111,115-161,196,198-215,217-218,229-232,234,238,242,245-258,260-268,270-272,302-349]","[238-241,243-244]","[61,65,68-69,72,85,87,92,327,329-331]"
run_003,4,1,A,B,0.0,0.0,0.0,0.0,0.4292,0.0,0.0,0.0,0.0,0.22,23.9,44.5,0.38,0,0,0,0,,,,,410,860,,,,
run_003,5,2,A,B,0.0186,42.6,0.8,0.0,0.4866,0.0241,0.0144,227.0,8.0,0.21,24.5,45.8,0.37,8,118,4,6,32.8,91.3,33.1,77.5,410,860,[113-120],"[20,25-26,33,36-37,44-48,50,52,54-55,58-59,61-62,80,84-86,90,92,95,97,106,117,119-123,126-127,130-131,134,139-143,145-149,152,157-159,165-166,168,174,176-184,186-191,193-194,196,198-203,205-207,209,213,226-235,242-243,245-247,250,252-253,255-262,264,267,333-335,339]","[114,118-120]","[143,165,179-182]"
run_004,1,1,A,B,0.3049,1557.1,474.8,0.3898,0.8404,0.229,0.4061,31086.0,78.0,0.53,25.3,79.8,0.55,61,376,19,22,74.4,89.2,63.1,77.0,410,679,[258-318],"[180-181,191-192,213-214,216,218,247,255-260,262-264,277-285,292-293,296-305,343-679]","[258-261,266,278,281,299-301,303-304,307,310-311,313-315,317]","[358-360,385,388-389,437,440-441,444,478,512-514,547,552-557,639]"
run_004,2,4,A,B,0.049,68.9,3.4,0.0182,0.5729,0.0411,0.0585,679.0,7.0,0.33,23.3,81.7,0.59,8,227,4,6,53.5,93.1,53.6,85.6,410,679,"[254-259,298,300]","[179-180,184,193,195,213,245,256-257,263,277,280,283,350,352,355-357,364-369,375-383,385-386,394-395,397-403,409-415,417-420,424-429,431,433-443,445-498,505-506,509,511-526,528-562,565,568,572-585,587-588,590-592,599-609,611-623,626]","[256-258,300]","[437,441,478,541,546,554]"
run_004,3,5,A,B,0.0,0.0,0.0,0.0,0.3184,0.0,0.0,0.0,0.0,0.25,24.8,81.4,0.59,0,0,0,0,,,,,410,679,,,,
run_004,4,2,A,B,0.0,0.0,0.0,0.0,0.3072,0.0,0.0,0.0,0.0,0.21,22.6,81.8,0.57,0,0,0,0,,,,,410,679,,,,
run_004,5,3,A,B,0.0,0.0,0.0,0.0,0.3687,0.0,0.0,0.0,0.0,0.2,23.2,80.8,0.56,0,0,0,0,,,,,410,679,,,,
run_005,1,3,A,B,0.1479,407.6,60.3,0.0203,0.788,0.1241,0.1762,3258.0,51.0,0.26,25.1,33.1,0.34,15,286,8,17,35.2,90.5,37.3,82.8,410,1398,[107-121],"[137-290,292-392,420-426,431,435-441,443,445-459]","[108-110,112-114,118,120]","[226,229-230,233,266,300-302,330,333-336,339,341,343,346]"
run_005,2,4,A,B,0.1418,295.2,41.9,0.0183,0.7953,0.1245,0.1615,2490.0,35.0,0.24,24.4,32.8,0.34,13,283,9,14,35.6,90.7,35.5,81.5,410,1398,[106-118],"[138-289,293-392,420-426,431,435-443,445-458]","[106-110,112-113,117-118]","[226,229-230,233,266-267,302,330,334-336,339,342-343]"
run_005,3,1,A,B,0.075,226.3,17.0,0.0139,0.7255,0.0603,0.0934,1506.0,34.0,0.23,23.9,32.3,0.33,13,237,7,17,30.8,89.9,31.3,80.3,410,1398,[108-120],"[141-149,151,154-173,180,182-207,213-289,294,296-297,299-314,317-392,448-455]","[109-110,112-114,118,120]","[226-227,229-230,266-267,300-302,330,334-336,339,342-343,346]"
run_005,4,5,A,B,0.0832,281.8,23.4,0.0156,0.7695,0.0769,0.0899,2942.0,27.0,0.22,25.4,33.4,0.33,14,289,7,15,33.4,92.6,35.3,86.3,410,1398,[108-121],"[138-209,211-290,292-393,419-426,431,433-443,445-459]","[108-110,112-114,120]","[226,229-230,266,300-302,330,333-336,339,343,346]"
run_005,5,2,A,B,0.0419,125.4,5.3,0.0132,0.6704,0.0291,0.0603,1124.0,14.0,0.21,25.2,33.6,0.34,12,246,5,12,31.1,93.6,32.1,87.0,410,1398,[109-120],"[141,143-149,154-173,181-206,213-288,293-294,296-297,299-314,317-392,421-423,426,435-440,446,448-456]","[112-114,118,120]","[226,229-230,266-267,301-302,335-336,340,343,346]"
run_006,1,5,A,B,0.262,356.5,93.4,0.0283,0.8539,0.1949,0.352,3738.0,34.0,0.31,28.7,52.8,0.43,24,370,8,10,54.3,95.3,50.5,91.4,410,828,"[61,106-117,208-212,301-306]","[208-249,253-432,436-522,529-589]","[109-110,112-115,117,211]","[277,365,368-369,378,410,413-416]"
run_006,2,3,A,B,0.1457,370.1,53.9,0.0175,0.7002,0.0986,0.2154,6227.0,22.0,0.27,27.9,52.6,0.44,49,366,6,11,69.4,94.6,44.3,94.3,410,828,"[206-214,253-262,266-273,277-278,284,294-312]","[208-250,252-430,432,435-495,497-521,530-554,557,559-589]",[207-212],"[238-242,269,277,279,294,296,301]"
run_006,3,4,A,B,0.0949,211.3,20.1,0.0139,0.6499,0.0703,0.1283,1942.0,23.0,0.22,26.2,52.6,0.42,21,333,5,12,57.4,95.4,35.3,92.8,410,828,"[108-117,258,299-308]","[208-247,254-284,286-328,337-411,418-429,431,438-453,455-495,499-522,530,532,535,537-546,548-554,559-588]","[109,112-114,117]","[209,217-218,221,237-242,277,296]"
run_006,4,1,A,B,0.0,0.0,0.0,0.0,0.3764,0.0,0.0,0.0,0.0,0.22,25.3,52.4,0.42,0,0,0,0,,,,,410,828,,,,
run_006,5,2,A,B,0.0,0.0,0.0,0.0,0.2536,0.0,0.0,0.0,0.0,0.19,24.8,53.5,0.41,0,0,0,0,,,,,410,828,,,,
run_007,1,3,A,B,0.0,0.0,0.0,0.0,0.3427,0.0,0.0,0.0,0.0,0.2,21.8,73.3,0.38,0,0,0,0,,,,,410,1250,,,,
run_007,2,4,A,B,0.0,0.0,0.0,0.0,0.3291,0.0,0.0,0.0,0.0,0.19,20.3,70.0,0.37,0,0,0,0,,,,,410,1250,,,,
run_007,3,5,A,B,0.0,0.0,0.0,0.0,0.261,0.0,0.0,0.0,0.0,0.18,22.7,72.9,0.38,0,0,0,0,,,,,410,1250,,,,
run_007,4,2,A,B,0.0,0.0,0.0,0.0,0.1898,0.0,0.0,0.0,0.0,0.18,21.6,73.0,0.37,0,0,0,0,,,,,410,1250,,,,
run_007,5,1,A,B,0.0,0.0,0.0,0.0,0.1934,0.0,0.0,0.0,0.0,0.17,22.3,73.3,0.37,0,0,0,0,,,,,410,1250,,,,
run_008,1,2,A,B,0.3391,1078.9,365.8,0.1905,0.902,0.2815,0.4084,6970.0,167.0,0.59,29.5,86.5,0.49,31,269,25,47,49.7,91.2,51.0,90.0,410,302,[106-136],"[19-48,54-292]","[107-116,118-123,125-129,131-134]","[38,70,117,120-121,156,158,175,190-199,203-204,206,225,228-236,244,248-254,257,262,265-266,268-270,280]"
run_008,2,5,A,B,0.2986,454.5,135.7,0.0375,0.8495,0.2413,0.3697,2994.0,69.0,0.5,28.0,87.4,0.46,12,269,10,20,41.5,92.2,42.9,86.7,410,302,[108-119],"[19-48,54-292]","[108-116,118]","[38,70,117,156,158,175,190-199,203-204,206,235]"
run_008,3,4,A,B,0.0623,48.1,3.0,0.0154,0.5588,0.0544,0.0715,330.0,7.0,0.45,26.4,83.9,0.48,12,123,4,5,41.2,92.2,41.3,86.6,410,302,"[58-62,108-114]","[43,61,88,90-92,97,113,115-122,124-130,132-139,141-146,148-150,153,156-158,160-163,175,188,191-192,196-199,202-210,212-223,225,228-232,234-244,246,252-253,259-265,267-268,272-287,291]","[60-61,110,113]","[192,204,238,280,284]"
run_008,4,1,A,B,0.0466,185.5,8.6,0.0121,0.4202,0.0411,0.0528,1274.0,27.0,0.3,29.4,81.4,0.5,20,208,10,14,36.8,88.2,36.9,83.1,410,302,"[95,102,104-119,171,174]","[32-33,42-47,56-62,78-84,86-95,97-99,103-160,162-170,172-178,188-222,224-250,252-254,256-286,288,290-291]","[105,107-109,111-113,115,117-118]","[117,156-158,194-197,228-229,231,234-236]"
run_008,5,3,A,B,0.0398,115.8,4.6,0.0129,0.4733,0.0376,0.0422,789.0,17.0,0.3,27.3,83.7,0.48,8,201,5,13,40.1,91.1,40.6,87.8,410,302,[107-114],"[32-34,41-45,56-58,60-61,79,82,84,88-94,96-97,99,103-171,173-178,188-286,290]","[109-110,112-114]","[117,120-121,156-157,195,197,225,229-231,234,236]"
run_009,1,2,A,B,0.1337,212.8,28.4,0.0212,0.4747,0.1238,0.1444,2264.0,20.0,0.51,25.3,90.7,0.53,12,323,5,10,50.5,92.8,50.9,86.0,410,356,"[251-261,266]","[12-14,17-34,38-58,60-194,199-244,246-335,347-356]","[252-253,255-256,258]","[133,137,172,174,204-207,239,243]"
run_009,2,1,A,B,0.129,215.9,27.9,0.0227,0.5928,0.123,0.1354,2220.0,21.0,0.49,27.8,87.3,0.53,11,322,6,9,46.4,89.3,48.5,81.2,410,356,[250-260],"[12-14,16-34,38-58,60-194,200,203-335,347-356]","[252-253,255-256,258-259]","[133,137,172,174,205-207,239,243]"
run_009,3,3,A,B,0.0,0.0,0.0,0.0,0.2651,0.0,0.0,0.0,0.0,0.2,24.4,86.8,0.51,0,0,0,0,,,,,410,356,,,,
run_009,4,5,A,B,0.0,0.0,0.0,0.0,0.2068,0.0,0.0,0.0,0.0,0.17,25.5,86.6,0.49,0,0,0,0,,,,,410,356,,,,
run_009,5,4,A,B,0.0,0.0,0.0,0.0,0.1906,0.0,0.0,0.0,0.0,0.16,23.4,86.5,0.5,0,0,0,0,,,,,410,356,,,,
run_010,1,5,A,B,0.0938,311.6,29.2,0.015,0.7225,0.0742,0.1186,2775.0,35.0,0.28,24.0,30.3,0.34,49,264,9,9,81.1,92.9,75.8,77.1,410,1894,"[261,263-310]","[1558-1585,1590-1620,1624-1647,1649,1651-1655,1662-1714,1721,1723-1731,1733-1761,1764-1765,1769-1779,1784,1789-1803,1805,1807,1819-1825,1827-1834,1836-1838,1842,1849-1854,1858-1859,1864-1882,1884-1889]","[275-281,303,306]","[1600,1603-1604,1606,1871-1872,1875-1877]"
run_010,2,1,A,B,0.0,0.0,0.0,0.0,0.4194,0.0,0.0,0.0,0.0,0.27,22.3,30.4,0.34,0,0,0,0,,,,,410,1894,,,,
run_010,3,3,A,B,0.0,0.0,0.0,0.0,0.4805,0.0,0.0,0.0,0.0,0.26,22.6,30.5,0.34,0,0,0,0,,,,,410,1894,,,,
run_010,4,2,A,B,0.0,0.0,0.0,0.0,0.4823,0.0,0.0,0.0,0.0,0.25,22.6,31.9,0.34,0,0,0,0,,,,,410,1894,,,,
run_010,5,4,A,B,0.0,0.0,0.0,0.0,0.4567,0.0,0.0,0.0,0.0,0.25,21.2,29.6,0.33,0,0,0,0,,,,,410,1894,,,,
run_011,1,1,A,B,0.1434,392.5,56.3,0.0233,0.5637,0.1388,0.148,2233.0,69.0,0.5,27.5,81.6,0.49,12,279,10,26,47.4,91.5,50.2,86.9,410,353,"[206-216,240]","[12-44,57-81,87-162,167-310,314]","[207-215,240]","[12,14,21-23,40,42,58,81,88,99,137,139-141,155,157-158,170,172-177,211]"
run_011,2,5,A,B,0.0586,25.8,1.5,0.0119,0.4914,0.0464,0.074,83.0,8.0,0.32,26.4,82.8,0.48,1,78,1,5,43.6,95.3,43.6,87.0,410,353,[240],"[13,15,25-30,32-33,38,40-43,72-76,79-82,87-90,94,96-97,99-100,111-118,120-121,124,126-127,131,133,145,147-148,150-152,156,159,195,202,204,207,209,267-275,285-289,291-292,294]",[240],"[40,42,81-82,88]"
run_011,3,3,A,B,0.0616,80.5,5.0,0.0114,0.419,0.0557,0.068,463.0,14.0,0.29,25.9,81.9,0.48,13,155,5,6,75.7,93.4,73.9,76.7,410,353,"[262-263,265-274,288]","[72,74,89-90,97,99-102,110-112,115-120,122-124,126-137,139,142-145,150,152,156,158-159,175-190,194-253,255-258,260-261,267-296]","[266-267,270-271,274]","[217-220,245,247]"
run_011,4,4,A,B,0.0,0.0,0.0,0.0,0.2377,0.0,0.0,0.0,0.0,0.24,24.8,81.8,0.47,0,0,0,0,,,,,410,353,,,,
run_011,5,2,A,B,0.0,0.0,0.0,0.0,0.1613,0.0,0.0,0.0,0.0,0.15,24.6,81.5,0.46,0,0,0,0,,,,,410,353,,,,
run_012,1,3,A,B,0.5603,1751.2,981.3,0.6952,0.973,0.5626,0.558,22887.0,134.0,0.77,31.4,85.3,0.46,72,207,29,31,83.7,92.3,78.8,81.9,410,235,[251-322],[2-208],"[254-262,277-278,280-281,296-297,300,303-304,306-308,310-312,314-315,318,320-321]","[2-9,11-13,16-19,27,52,55,57,61,64,66,69-70,73,76-77,149-150,152-153]"
run_012,2,1,A,B,0.5548,1761.8,977.5,0.6708,0.9686,0.5467,0.563,23165.0,134.0,0.76,32.1,85.6,0.46,70,208,31,32,83.9,91.9,78.5,81.7,410,235,[253-322],[2-209],"[253,255-262,265-266,277-278,280-281,296,299-300,303-304,306-308,310-312,314-315,318-320]","[3-9,11-13,16-19,27-28,52,55,57-58,61,64,66,69-70,73,77,148-150,152-153]"
run_012,3,4,A,B,0.5362,1731.8,928.7,0.6198,0.9682,0.5216,0.5513,22895.0,131.0,0.75,30.1,86.0,0.45,72,208,30,34,83.2,92.4,78.5,80.8,410,235,[252-323],[2-209],"[253,256-262,277-281,296,299-300,303-304,306-308,310-312,314-315,318-321]","[2-9,12-13,16-19,27,52,55,57-58,61,63-64,66,69-70,72-73,76-77,148-150,152-153]"
run_012,4,2,A,B,0.0332,6.0,0.2,0.0,0.3117,0.0367,0.03,18.0,2.0,0.32,27.4,84.5,0.4,4,15,2,2,78.7,88.8,74.7,64.0,410,235,[301-304],"[4,11-12,27,48-51,72-73,75,79,82,95,98]",[303-304],"[4,12]"
run_012,5,5,A,B,0.0,0.0,0.0,0.0,0.208,0.0,0.0,0.0,0.0,0.19,27.6,83.1,0.38,0,0,0,0,,,,,410,235,,,,
